epoch,time,train/box_loss,train/seg_loss,train/cls_loss,train/dfl_loss,train/sem_loss,metrics/precision(B),metrics/recall(B),metrics/mAP50(B),metrics/mAP50-95(B),metrics/precision(M),metrics/recall(M),metrics/mAP50(M),metrics/mAP50-95(M),val/box_loss,val/seg_loss,val/cls_loss,val/dfl_loss,val/sem_loss,lr/pg0,lr/pg1,lr/pg2,lr/pg3,lr/pg4,lr/pg5,lr/pg6,lr/pg7
1,182.801,1.45924,2.96585,5.31955,0.00502,6.80564,0.01555,0.10734,0.0122,0.0079,0.01553,0.10709,0.01214,0.00718,1.12631,2.38387,4.04784,0.00615,0,0.000269473,8.98242e-05,0.000269473,8.98242e-05,0.000269473,8.98242e-05,0.000269473,8.98242e-05
2,355.105,1.19024,2.36321,4.73845,0.0039,5.44407,0.03429,0.23047,0.02907,0.02141,0.03424,0.23019,0.029,0.01922,1.07281,2.04903,3.52888,0.00579,0,0.000538405,0.000179468,0.000538405,0.000179468,0.000538405,0.000179468,0.000538405,0.000179468
3,524.847,1.15713,2.11492,4.2715,0.00378,4.45114,0.0608,0.38428,0.05966,0.04509,0.06067,0.38389,0.05953,0.04061,1.03443,1.81837,3.01182,0.00559,0,0.000806267,0.000268756,0.000806267,0.000268756,0.000806267,0.000268756,0.000806267,0.000268756
4,698.327,1.12585,1.93645,3.7715,0.00363,4.21761,0.08251,0.45525,0.10179,0.0767,0.09086,0.42705,0.10184,0.07008,1.03949,1.70938,2.60004,0.00564,0,0.000805189,0.000268396,0.000805189,0.000268396,0.000805189,0.000268396,0.000805189,0.000268396
5,867.722,1.11601,1.82221,3.36108,0.00363,4.16985,0.19312,0.25466,0.15425,0.11594,0.19289,0.25442,0.15403,0.10535,1.01193,1.60983,2.27231,0.00544,0,0.000803585,0.000267862,0.000803585,0.000267862,0.000803585,0.000267862,0.000803585,0.000267862
6,1036.26,1.09462,1.71749,3.04168,0.00349,4.0984,0.25244,0.34662,0.23637,0.1785,0.25226,0.34636,0.23603,0.16316,1.00534,1.55717,2.01603,0.0054,0,0.000801981,0.000267327,0.000801981,0.000267327,0.000801981,0.000267327,0.000801981,0.000267327
7,1209.42,1.06698,1.64593,2.75391,0.00339,3.96087,0.31863,0.42496,0.3266,0.24723,0.31839,0.42454,0.32618,0.22715,0.98741,1.51268,1.79302,0.00531,0,0.000800377,0.000266792,0.000800377,0.000266792,0.000800377,0.000266792,0.000800377,0.000266792
8,1377.25,1.05605,1.60701,2.49137,0.0034,3.7364,0.39925,0.48761,0.42011,0.31839,0.40131,0.48503,0.41969,0.29273,0.98142,1.49113,1.59382,0.00526,0,0.000798773,0.000266258,0.000798773,0.000266258,0.000798773,0.000266258,0.000798773,0.000266258
9,1564.56,1.05497,1.57375,2.30579,0.00336,3.41286,0.48633,0.55758,0.52323,0.39662,0.48574,0.55699,0.5226,0.36721,0.97536,1.46893,1.41169,0.00522,0,0.00079717,0.000265723,0.00079717,0.000265723,0.00079717,0.000265723,0.00079717,0.000265723
10,1733.68,1.04896,1.57328,2.11043,0.00333,3.08047,0.57806,0.61916,0.62003,0.46941,0.5791,0.61713,0.61932,0.43342,0.96679,1.46205,1.25605,0.00515,0,0.000795566,0.000265189,0.000795566,0.000265189,0.000795566,0.000265189,0.000795566,0.000265189
11,1902.99,1.04082,1.55212,1.92853,0.00333,2.78933,0.64589,0.66002,0.69652,0.52559,0.64525,0.65965,0.69592,0.48466,0.96462,1.4453,1.12353,0.00514,0,0.000793962,0.000264654,0.000793962,0.000264654,0.000793962,0.000264654,0.000793962,0.000264654
12,2072.68,1.03652,1.51892,1.75989,0.00327,2.53894,0.68941,0.71347,0.76053,0.57295,0.68907,0.71312,0.76038,0.53099,0.96004,1.42978,0.99556,0.00512,0,0.000792358,0.000264119,0.000792358,0.000264119,0.000792358,0.000264119,0.000792358,0.000264119
13,2244.09,1.03316,1.52343,1.62182,0.00326,2.42586,0.74305,0.74872,0.80588,0.60577,0.74297,0.74877,0.80586,0.56467,0.96213,1.41199,0.90177,0.00513,0,0.000790754,0.000263585,0.000790754,0.000263585,0.000790754,0.000263585,0.000790754,0.000263585
14,2416.23,1.03145,1.51782,1.51709,0.00329,2.2865,0.77329,0.7743,0.83942,0.63141,0.77267,0.77377,0.83876,0.58834,0.9603,1.40943,0.82366,0.00509,0,0.000789151,0.00026305,0.000789151,0.00026305,0.000789151,0.00026305,0.000789151,0.00026305
15,2584.99,1.01891,1.49775,1.40665,0.00322,2.19705,0.80391,0.79422,0.86462,0.65215,0.80357,0.79389,0.864,0.60458,0.94889,1.3925,0.76405,0.00505,0,0.000787547,0.000262516,0.000787547,0.000262516,0.000787547,0.000262516,0.000787547,0.000262516
16,2752.35,1.01222,1.4609,1.32222,0.0032,2.16058,0.82489,0.81434,0.88305,0.66552,0.82495,0.81432,0.88284,0.61804,0.94886,1.39049,0.71371,0.00505,0,0.000785943,0.000261981,0.000785943,0.000261981,0.000785943,0.000261981,0.000785943,0.000261981
17,2920.52,0.9986,1.44448,1.2446,0.00313,2.0555,0.84047,0.8331,0.899,0.67781,0.84016,0.83272,0.89859,0.63172,0.94546,1.37966,0.67397,0.00501,0,0.000784339,0.000261446,0.000784339,0.000261446,0.000784339,0.000261446,0.000784339,0.000261446
18,3095.26,1.00843,1.46762,1.19818,0.00317,2.02457,0.85448,0.84665,0.91195,0.68787,0.85398,0.84719,0.91168,0.64235,0.94319,1.37189,0.63887,0.005,0,0.000782735,0.000260912,0.000782735,0.000260912,0.000782735,0.000260912,0.000782735,0.000260912
19,3267.94,1.00144,1.44547,1.14525,0.00314,2.00528,0.86438,0.85363,0.91893,0.69352,0.86478,0.85305,0.91857,0.64675,0.94063,1.36489,0.60978,0.00499,0,0.000781132,0.000260377,0.000781132,0.000260377,0.000781132,0.000260377,0.000781132,0.000260377
20,3439.85,0.98768,1.41723,1.07652,0.0031,1.95284,0.87057,0.87095,0.9276,0.7002,0.87065,0.87093,0.92673,0.65417,0.94164,1.35995,0.58393,0.005,0,0.000779528,0.000259843,0.000779528,0.000259843,0.000779528,0.000259843,0.000779528,0.000259843
21,3611.83,0.99172,1.43114,1.0541,0.00315,1.96724,0.872,0.87471,0.93068,0.70398,0.87243,0.87308,0.93007,0.6538,0.93613,1.35913,0.56976,0.00497,0,0.000777924,0.000259308,0.000777924,0.000259308,0.000777924,0.000259308,0.000777924,0.000259308
22,3794.76,0.98536,1.41144,1.00988,0.00311,1.88604,0.88899,0.87461,0.93683,0.70876,0.88904,0.87363,0.93569,0.66065,0.93533,1.35449,0.55047,0.00495,0,0.00077632,0.000258773,0.00077632,0.000258773,0.00077632,0.000258773,0.00077632,0.000258773
23,3964.17,0.98783,1.40675,0.97191,0.00311,1.84956,0.89067,0.88632,0.94072,0.71334,0.89034,0.88519,0.93931,0.66338,0.92985,1.3507,0.53697,0.00493,0,0.000774716,0.000258239,0.000774716,0.000258239,0.000774716,0.000258239,0.000774716,0.000258239
24,4288.03,0.98358,1.41598,0.94236,0.00308,1.84943,0.89395,0.88836,0.94281,0.71503,0.89398,0.88764,0.9417,0.66343,0.9309,1.35048,0.52096,0.00493,0,0.000773113,0.000257704,0.000773113,0.000257704,0.000773113,0.000257704,0.000773113,0.000257704
25,4457.22,0.98563,1.39834,0.91356,0.00308,1.82468,0.90564,0.8869,0.94495,0.71725,0.90556,0.8868,0.9439,0.66725,0.92898,1.34183,0.51233,0.00492,0,0.000771509,0.00025717,0.000771509,0.00025717,0.000771509,0.00025717,0.000771509,0.00025717
26,4625.42,0.97133,1.37894,0.87373,0.00304,1.78908,0.90151,0.89593,0.94701,0.71741,0.90187,0.89515,0.94602,0.66924,0.93116,1.34704,0.50316,0.00494,0,0.000769905,0.000256635,0.000769905,0.000256635,0.000769905,0.000256635,0.000769905,0.000256635
27,4794.51,0.96928,1.36183,0.85294,0.00301,1.77946,0.91072,0.89893,0.95031,0.72015,0.91047,0.89866,0.94881,0.67307,0.93036,1.3427,0.49159,0.00491,0,0.000768301,0.0002561,0.000768301,0.0002561,0.000768301,0.0002561,0.000768301,0.0002561
28,4962.35,0.96566,1.35587,0.82753,0.00303,1.75608,0.90096,0.90528,0.95157,0.72208,0.90061,0.90489,0.95014,0.67427,0.92676,1.34015,0.48193,0.0049,0,0.000766697,0.000255566,0.000766697,0.000255566,0.000766697,0.000255566,0.000766697,0.000255566
29,5133.21,0.95559,1.34715,0.80399,0.00299,1.7578,0.91047,0.90651,0.95265,0.72398,0.91079,0.90517,0.95139,0.67222,0.9282,1.33921,0.47701,0.0049,0,0.000765094,0.000255031,0.000765094,0.000255031,0.000765094,0.000255031,0.000765094,0.000255031
30,5302.58,0.96235,1.37329,0.80003,0.003,1.74343,0.91268,0.90883,0.95459,0.72488,0.91234,0.90845,0.9531,0.67641,0.9304,1.33911,0.46962,0.00492,0,0.00076349,0.000254497,0.00076349,0.000254497,0.00076349,0.000254497,0.00076349,0.000254497
31,5473.56,0.9531,1.34723,0.76807,0.00298,1.71043,0.92119,0.90656,0.95568,0.72648,0.92114,0.9056,0.95443,0.67773,0.92608,1.33715,0.46353,0.00491,0,0.000761886,0.000253962,0.000761886,0.000253962,0.000761886,0.000253962,0.000761886,0.000253962
32,5642.71,0.96227,1.35236,0.76211,0.00301,1.69217,0.92411,0.90026,0.95555,0.72793,0.9239,0.90005,0.95418,0.67723,0.92333,1.33544,0.46335,0.00488,0,0.000760282,0.000253427,0.000760282,0.000253427,0.000760282,0.000253427,0.000760282,0.000253427
33,5811.22,0.95972,1.34265,0.73623,0.00301,1.68036,0.92066,0.90628,0.95712,0.72972,0.92018,0.90578,0.95585,0.67808,0.92363,1.335,0.45638,0.00489,0,0.000758678,0.000252893,0.000758678,0.000252893,0.000758678,0.000252893,0.000758678,0.000252893
34,5982.28,0.96726,1.36958,0.74142,0.00301,1.66878,0.92599,0.90601,0.95741,0.72968,0.92568,0.90568,0.9565,0.6787,0.92567,1.32921,0.45378,0.00489,0,0.000757075,0.000252358,0.000757075,0.000252358,0.000757075,0.000252358,0.000757075,0.000252358
35,6151.6,0.95897,1.3523,0.71504,0.00302,1.65861,0.92118,0.9152,0.95881,0.73094,0.92101,0.91447,0.95799,0.67959,0.92234,1.33167,0.44725,0.00487,0,0.000755471,0.000251824,0.000755471,0.000251824,0.000755471,0.000251824,0.000755471,0.000251824
36,6318.55,0.94941,1.33465,0.69438,0.00295,1.62719,0.924,0.91383,0.95934,0.73078,0.92441,0.91274,0.95833,0.68029,0.92305,1.33144,0.44622,0.00487,0,0.000753867,0.000251289,0.000753867,0.000251289,0.000753867,0.000251289,0.000753867,0.000251289
37,6492.64,0.93768,1.31451,0.68143,0.0029,1.62947,0.92554,0.91395,0.95893,0.72994,0.92542,0.91301,0.95815,0.68144,0.92655,1.33252,0.44756,0.00489,0,0.000752263,0.000250754,0.000752263,0.000250754,0.000752263,0.000250754,0.000752263,0.000250754
38,6661.47,0.95267,1.34649,0.68397,0.00298,1.60707,0.91925,0.92012,0.9594,0.73314,0.91866,0.9195,0.95871,0.68127,0.91997,1.32716,0.44429,0.00485,0,0.000750659,0.00025022,0.000750659,0.00025022,0.000750659,0.00025022,0.000750659,0.00025022
39,6827.39,0.93681,1.3067,0.65368,0.0029,1.55606,0.92886,0.91694,0.96109,0.73547,0.92895,0.91612,0.96052,0.68399,0.91882,1.32718,0.43865,0.00485,0,0.000749056,0.000249685,0.000749056,0.000249685,0.000749056,0.000249685,0.000749056,0.000249685
40,6992.89,0.95038,1.32665,0.65501,0.00297,1.56782,0.92672,0.91959,0.96107,0.73434,0.92721,0.91855,0.96044,0.6834,0.92018,1.32866,0.43716,0.00484,0,0.000747452,0.000249151,0.000747452,0.000249151,0.000747452,0.000249151,0.000747452,0.000249151
41,7376.12,0.94193,1.31781,0.6535,0.00292,1.54986,0.92797,0.91626,0.96134,0.73531,0.92828,0.91499,0.96055,0.68489,0.91898,1.32237,0.43471,0.00485,0,0.000745848,0.000248616,0.000745848,0.000248616,0.000745848,0.000248616,0.000745848,0.000248616
42,7545.39,0.94465,1.33035,0.65116,0.00289,1.55525,0.92691,0.92262,0.96185,0.73499,0.92685,0.92205,0.96089,0.68505,0.91853,1.32375,0.43168,0.00484,0,0.000744244,0.000248081,0.000744244,0.000248081,0.000744244,0.000248081,0.000744244,0.000248081
43,7711,0.92692,1.30053,0.62297,0.00289,1.53241,0.92631,0.92476,0.96206,0.73441,0.92676,0.92281,0.961,0.68625,0.92259,1.32743,0.43103,0.00486,0,0.00074264,0.000247547,0.00074264,0.000247547,0.00074264,0.000247547,0.00074264,0.000247547
44,7878.58,0.94328,1.33085,0.63413,0.00296,1.52972,0.93584,0.9168,0.96194,0.73485,0.93539,0.91637,0.96074,0.68646,0.92195,1.32882,0.43215,0.00485,0,0.000741037,0.000247012,0.000741037,0.000247012,0.000741037,0.000247012,0.000741037,0.000247012
45,8046.78,0.93722,1.31545,0.62367,0.00291,1.52569,0.93386,0.92206,0.96337,0.73706,0.9334,0.92162,0.96239,0.68741,0.91672,1.32313,0.4273,0.00482,0,0.000739433,0.000246478,0.000739433,0.000246478,0.000739433,0.000246478,0.000739433,0.000246478
46,8239.57,0.92241,1.30211,0.59214,0.00286,1.49727,0.92719,0.92686,0.96237,0.73536,0.92768,0.9252,0.96127,0.6878,0.91904,1.32516,0.42602,0.00484,0,0.000737829,0.000245943,0.000737829,0.000245943,0.000737829,0.000245943,0.000737829,0.000245943
47,8408.46,0.94272,1.33077,0.61356,0.00291,1.51359,0.92953,0.92542,0.96225,0.73733,0.92946,0.92381,0.96157,0.68349,0.91375,1.3168,0.42391,0.00481,0,0.000736225,0.000245408,0.000736225,0.000245408,0.000736225,0.000245408,0.000736225,0.000245408
48,8574.83,0.92661,1.30714,0.59039,0.00289,1.46386,0.9304,0.9267,0.9631,0.7383,0.93189,0.92431,0.96234,0.68769,0.91718,1.32549,0.42475,0.00483,0,0.000734621,0.000244874,0.000734621,0.000244874,0.000734621,0.000244874,0.000734621,0.000244874
49,8738.34,0.9334,1.29628,0.58849,0.0029,1.49307,0.9343,0.92484,0.96424,0.73814,0.93436,0.92439,0.96346,0.68824,0.91885,1.3179,0.42348,0.00485,0,0.000733018,0.000244339,0.000733018,0.000244339,0.000733018,0.000244339,0.000733018,0.000244339
50,8903.31,0.92571,1.30246,0.58933,0.00287,1.50897,0.93673,0.92643,0.96399,0.73869,0.936,0.92541,0.96278,0.68808,0.91741,1.32417,0.4196,0.00483,0,0.000731414,0.000243805,0.000731414,0.000243805,0.000731414,0.000243805,0.000731414,0.000243805
51,9067.87,0.93015,1.30516,0.58501,0.0029,1.48985,0.93672,0.92592,0.9646,0.73906,0.93655,0.92535,0.96345,0.68746,0.91788,1.32385,0.41963,0.00484,0,0.00072981,0.00024327,0.00072981,0.00024327,0.00072981,0.00024327,0.00072981,0.00024327
52,9231.57,0.92958,1.30268,0.5763,0.00289,1.45873,0.93414,0.92623,0.96392,0.73892,0.93421,0.92489,0.96278,0.69007,0.91569,1.31344,0.41878,0.00482,0,0.000728206,0.000242735,0.000728206,0.000242735,0.000728206,0.000242735,0.000728206,0.000242735
53,9394.58,0.9098,1.28446,0.55936,0.00283,1.45491,0.93457,0.92856,0.96382,0.73907,0.93394,0.92793,0.96298,0.68871,0.91595,1.3118,0.41557,0.00484,0,0.000726602,0.000242201,0.000726602,0.000242201,0.000726602,0.000242201,0.000726602,0.000242201
54,9556.46,0.92541,1.28497,0.56356,0.00286,1.44768,0.93875,0.9236,0.96437,0.73954,0.93885,0.92284,0.96323,0.69042,0.91549,1.31421,0.41675,0.00481,0,0.000724999,0.000241666,0.000724999,0.000241666,0.000724999,0.000241666,0.000724999,0.000241666
55,9719.23,0.92133,1.28416,0.55852,0.00286,1.45743,0.93245,0.92993,0.96467,0.74057,0.93285,0.92965,0.96392,0.69149,0.91516,1.31409,0.41514,0.00482,0,0.000723395,0.000241132,0.000723395,0.000241132,0.000723395,0.000241132,0.000723395,0.000241132
56,9883.71,0.90636,1.26483,0.53932,0.00278,1.42782,0.93525,0.92799,0.9656,0.74193,0.93475,0.92748,0.96466,0.69065,0.91378,1.3156,0.41459,0.0048,0,0.000721791,0.000240597,0.000721791,0.000240597,0.000721791,0.000240597,0.000721791,0.000240597
57,10047.8,0.91989,1.28852,0.53899,0.00284,1.39989,0.93659,0.93077,0.96598,0.7435,0.93659,0.92934,0.96518,0.6906,0.91476,1.31556,0.41145,0.00482,0,0.000720187,0.000240062,0.000720187,0.000240062,0.000720187,0.000240062,0.000720187,0.000240062
58,10215.6,0.91545,1.29447,0.54564,0.00283,1.40659,0.93939,0.93373,0.9666,0.74387,0.94035,0.9323,0.96542,0.69297,0.91351,1.31358,0.40862,0.00481,0,0.000718583,0.000239528,0.000718583,0.000239528,0.000718583,0.000239528,0.000718583,0.000239528
59,10379.1,0.92034,1.28235,0.53133,0.00284,1.43743,0.93875,0.92787,0.96557,0.74181,0.93957,0.92666,0.96447,0.69287,0.92006,1.32077,0.41382,0.00484,0,0.00071698,0.000238993,0.00071698,0.000238993,0.00071698,0.000238993,0.00071698,0.000238993
60,10540.8,0.92685,1.29593,0.55258,0.00288,1.43589,0.94129,0.92419,0.96629,0.74346,0.94114,0.92403,0.96533,0.69042,0.91417,1.31964,0.41174,0.00482,0,0.000715376,0.000238459,0.000715376,0.000238459,0.000715376,0.000238459,0.000715376,0.000238459
61,10701.9,0.92206,1.2824,0.53731,0.00285,1.42051,0.94257,0.9231,0.96587,0.74078,0.94236,0.92289,0.96474,0.69301,0.9192,1.31671,0.41285,0.00486,0,0.000713772,0.000237924,0.000713772,0.000237924,0.000713772,0.000237924,0.000713772,0.000237924
62,10863.1,0.91699,1.28268,0.52632,0.00283,1.39885,0.93512,0.93264,0.9658,0.7411,0.93512,0.93198,0.96475,0.69387,0.91734,1.31935,0.41129,0.00482,0,0.000712168,0.000237389,0.000712168,0.000237389,0.000712168,0.000237389,0.000712168,0.000237389
63,11024.8,0.91401,1.26684,0.52777,0.00281,1.38899,0.94195,0.93084,0.96663,0.74393,0.94118,0.93009,0.96519,0.6913,0.91374,1.31383,0.40684,0.0048,0,0.000710564,0.000236855,0.000710564,0.000236855,0.000710564,0.000236855,0.000710564,0.000236855
64,11186,0.92231,1.28414,0.52592,0.00286,1.40728,0.93709,0.93352,0.96681,0.74274,0.9371,0.93229,0.96551,0.69327,0.91418,1.32086,0.40934,0.00481,0,0.000708961,0.00023632,0.000708961,0.00023632,0.000708961,0.00023632,0.000708961,0.00023632
65,11345.7,0.90876,1.27789,0.52145,0.00281,1.39379,0.9387,0.93421,0.96625,0.74355,0.93853,0.93378,0.96522,0.69245,0.9151,1.31791,0.40799,0.00481,0,0.000707357,0.000235786,0.000707357,0.000235786,0.000707357,0.000235786,0.000707357,0.000235786
66,11506.5,0.90591,1.27785,0.50878,0.00282,1.37935,0.94079,0.93041,0.96674,0.74212,0.94073,0.93001,0.96537,0.69376,0.91864,1.31585,0.40939,0.00483,0,0.000705753,0.000235251,0.000705753,0.000235251,0.000705753,0.000235251,0.000705753,0.000235251
67,11667.5,0.91692,1.27081,0.51455,0.00282,1.3799,0.94271,0.93221,0.967,0.74384,0.94228,0.93215,0.96562,0.69344,0.91467,1.31796,0.40689,0.00482,0,0.000704149,0.000234716,0.000704149,0.000234716,0.000704149,0.000234716,0.000704149,0.000234716
68,11829.6,0.90578,1.27441,0.50717,0.0028,1.38251,0.94329,0.93374,0.96776,0.74368,0.94284,0.93285,0.96618,0.69424,0.91772,1.3164,0.40425,0.00484,0,0.000702545,0.000234182,0.000702545,0.000234182,0.000702545,0.000234182,0.000702545,0.000234182
69,11994.1,0.90835,1.27659,0.5147,0.00281,1.39457,0.943,0.93052,0.96733,0.74427,0.94316,0.92949,0.96607,0.69302,0.91774,1.31728,0.40718,0.00483,0,0.000700942,0.000233647,0.000700942,0.000233647,0.000700942,0.000233647,0.000700942,0.000233647
70,12155.2,0.90791,1.26113,0.50642,0.00278,1.37851,0.94364,0.93071,0.96729,0.74593,0.94408,0.93005,0.96628,0.69329,0.91299,1.31975,0.40582,0.0048,0,0.000699338,0.000233113,0.000699338,0.000233113,0.000699338,0.000233113,0.000699338,0.000233113
71,12320,0.91029,1.25048,0.49479,0.0028,1.36241,0.94342,0.92896,0.96747,0.74382,0.94423,0.92769,0.96606,0.69464,0.91789,1.31993,0.40582,0.00484,0,0.000697734,0.000232578,0.000697734,0.000232578,0.000697734,0.000232578,0.000697734,0.000232578
72,12482.3,0.90184,1.25427,0.49337,0.0028,1.35294,0.9459,0.92871,0.96768,0.74381,0.9455,0.92805,0.96618,0.69489,0.91879,1.32345,0.40657,0.00484,0,0.00069613,0.000232043,0.00069613,0.000232043,0.00069613,0.000232043,0.00069613,0.000232043
73,12643.2,0.90197,1.25351,0.48479,0.00281,1.35005,0.94505,0.92695,0.96767,0.74591,0.94489,0.92654,0.96627,0.69445,0.91246,1.31736,0.4042,0.0048,0,0.000694526,0.000231509,0.000694526,0.000231509,0.000694526,0.000231509,0.000694526,0.000231509
74,12805.9,0.89703,1.23994,0.4754,0.00277,1.35221,0.94195,0.9328,0.9683,0.74596,0.94178,0.9315,0.9663,0.69439,0.91455,1.31599,0.40175,0.00482,0,0.000692923,0.000230974,0.000692923,0.000230974,0.000692923,0.000230974,0.000692923,0.000230974
75,12966.6,0.89814,1.25117,0.48329,0.00277,1.33857,0.94268,0.93348,0.96763,0.74502,0.94247,0.93292,0.96607,0.69399,0.91462,1.31998,0.4038,0.00482,0,0.000691319,0.00023044,0.000691319,0.00023044,0.000691319,0.00023044,0.000691319,0.00023044
76,13127.7,0.89407,1.23941,0.47039,0.00277,1.336,0.94248,0.93146,0.9678,0.74522,0.94093,0.9311,0.96607,0.69402,0.91554,1.31897,0.40481,0.00484,0,0.000689715,0.000229905,0.000689715,0.000229905,0.000689715,0.000229905,0.000689715,0.000229905
77,13288,0.89625,1.25822,0.48917,0.00277,1.33127,0.93961,0.93311,0.96764,0.74548,0.9384,0.93265,0.9658,0.69499,0.91641,1.31891,0.40609,0.00483,0,0.000688111,0.00022937,0.000688111,0.00022937,0.000688111,0.00022937,0.000688111,0.00022937
78,13451,0.89682,1.24438,0.47789,0.00273,1.31611,0.94682,0.93083,0.96858,0.74657,0.94443,0.93094,0.96661,0.69561,0.91736,1.31972,0.40096,0.00484,0,0.000686507,0.000228836,0.000686507,0.000228836,0.000686507,0.000228836,0.000686507,0.000228836
79,13613.5,0.89836,1.23606,0.47661,0.00276,1.32195,0.94313,0.93472,0.96895,0.74784,0.94342,0.93242,0.96735,0.69559,0.91412,1.31456,0.40029,0.00481,0,0.000684904,0.000228301,0.000684904,0.000228301,0.000684904,0.000228301,0.000684904,0.000228301
80,13777,0.89906,1.25574,0.47333,0.00276,1.33047,0.94241,0.93662,0.96892,0.74742,0.9422,0.9354,0.96749,0.69652,0.91616,1.31839,0.39986,0.00483,0,0.0006833,0.000227767,0.0006833,0.000227767,0.0006833,0.000227767,0.0006833,0.000227767
81,13943.1,0.89668,1.25392,0.47698,0.00274,1.31175,0.9467,0.9298,0.96821,0.74738,0.94589,0.92925,0.9664,0.69452,0.91449,1.31782,0.40163,0.00482,0,0.000681696,0.000227232,0.000681696,0.000227232,0.000681696,0.000227232,0.000681696,0.000227232
82,14104.1,0.89386,1.23891,0.46987,0.00274,1.3227,0.94778,0.93037,0.96847,0.74581,0.94685,0.9306,0.96697,0.6974,0.91706,1.32127,0.40219,0.00483,0,0.000680092,0.000226697,0.000680092,0.000226697,0.000680092,0.000226697,0.000680092,0.000226697
83,14265,0.89619,1.23977,0.46477,0.00274,1.29762,0.94186,0.93383,0.96843,0.74711,0.9417,0.93322,0.96687,0.69547,0.91486,1.31973,0.40173,0.00482,0,0.000678488,0.000226163,0.000678488,0.000226163,0.000678488,0.000226163,0.000678488,0.000226163
84,14426.1,0.89168,1.24167,0.4642,0.00273,1.29812,0.94348,0.93389,0.96784,0.74701,0.94335,0.9335,0.96637,0.69624,0.91706,1.32167,0.40101,0.00484,0,0.000676885,0.000225628,0.000676885,0.000225628,0.000676885,0.000225628,0.000676885,0.000225628
85,14587.6,0.89457,1.24462,0.46609,0.00273,1.30476,0.94096,0.93296,0.9684,0.74566,0.94047,0.93219,0.96679,0.69624,0.91909,1.32317,0.403,0.00486,0,0.000675281,0.000225094,0.000675281,0.000225094,0.000675281,0.000225094,0.000675281,0.000225094
86,14748.3,0.89533,1.24075,0.46457,0.00273,1.30984,0.94377,0.93556,0.96955,0.74889,0.94401,0.93494,0.96822,0.69696,0.91501,1.32561,0.39848,0.00483,0,0.000673677,0.000224559,0.000673677,0.000224559,0.000673677,0.000224559,0.000673677,0.000224559
87,14912,0.87973,1.23086,0.45345,0.00269,1.2922,0.94066,0.93536,0.96869,0.74748,0.94545,0.93111,0.96717,0.6962,0.91757,1.32256,0.40107,0.00484,0,0.000672073,0.000224024,0.000672073,0.000224024,0.000672073,0.000224024,0.000672073,0.000224024
88,15073.5,0.88689,1.23275,0.45541,0.00273,1.30145,0.9452,0.93207,0.96926,0.74736,0.9452,0.93238,0.96824,0.69814,0.91794,1.32686,0.39845,0.00485,0,0.000670469,0.00022349,0.000670469,0.00022349,0.000670469,0.00022349,0.000670469,0.00022349
89,15233.8,0.88141,1.2247,0.45269,0.00271,1.2937,0.94611,0.93465,0.96789,0.74611,0.94617,0.93472,0.96698,0.69662,0.91951,1.32412,0.40454,0.00485,0,0.000668866,0.000222955,0.000668866,0.000222955,0.000668866,0.000222955,0.000668866,0.000222955
90,15395.8,0.88446,1.23822,0.44757,0.00271,1.2881,0.9436,0.93498,0.96879,0.74887,0.9432,0.9351,0.96784,0.69772,0.91523,1.32033,0.40154,0.00481,0,0.000667262,0.000222421,0.000667262,0.000222421,0.000667262,0.000222421,0.000667262,0.000222421
91,15558.1,0.88171,1.22277,0.44637,0.00274,1.28475,0.94844,0.93483,0.96884,0.74797,0.94778,0.93445,0.96773,0.69849,0.91681,1.3193,0.3997,0.00482,0,0.000665658,0.000221886,0.000665658,0.000221886,0.000665658,0.000221886,0.000665658,0.000221886
92,15720.2,0.88761,1.23278,0.45123,0.00274,1.27358,0.94897,0.9309,0.9686,0.74744,0.94847,0.9311,0.96759,0.69683,0.91608,1.32277,0.39978,0.00484,0,0.000664054,0.000221351,0.000664054,0.000221351,0.000664054,0.000221351,0.000664054,0.000221351
93,15880.2,0.88146,1.2264,0.44616,0.0027,1.27468,0.94943,0.93306,0.9691,0.74744,0.94947,0.9331,0.96792,0.69723,0.91757,1.32404,0.39883,0.00484,0,0.00066245,0.000220817,0.00066245,0.000220817,0.00066245,0.000220817,0.00066245,0.000220817
94,16041.7,0.8778,1.21592,0.43945,0.00265,1.27373,0.94393,0.93348,0.96878,0.74677,0.94412,0.93339,0.96757,0.69823,0.91819,1.3263,0.40198,0.00484,0,0.000660847,0.000220282,0.000660847,0.000220282,0.000660847,0.000220282,0.000660847,0.000220282
95,16202.6,0.8872,1.23033,0.44683,0.0027,1.26238,0.95073,0.9367,0.96947,0.74857,0.9526,0.93542,0.96825,0.69785,0.91432,1.32215,0.39857,0.00483,0,0.000659243,0.000219748,0.000659243,0.000219748,0.000659243,0.000219748,0.000659243,0.000219748
96,16364.4,0.88073,1.22122,0.44255,0.00269,1.26764,0.95289,0.9297,0.96759,0.7471,0.9525,0.92932,0.96641,0.69582,0.91887,1.32109,0.4029,0.00484,0,0.000657639,0.000219213,0.000657639,0.000219213,0.000657639,0.000219213,0.000657639,0.000219213
97,16523,0.87699,1.21645,0.43526,0.0027,1.2394,0.9462,0.93688,0.96927,0.74834,0.94676,0.93745,0.96872,0.69796,0.91875,1.32277,0.39932,0.00487,0,0.000656035,0.000218678,0.000656035,0.000218678,0.000656035,0.000218678,0.000656035,0.000218678
98,16842.6,0.88595,1.23448,0.44435,0.00273,1.27675,0.94882,0.93796,0.96922,0.74818,0.95014,0.93721,0.9683,0.69739,0.91878,1.32734,0.39765,0.00485,0,0.000654431,0.000218144,0.000654431,0.000218144,0.000654431,0.000218144,0.000654431,0.000218144
99,17085.5,0.88022,1.22099,0.43839,0.0027,1.25964,0.95068,0.93436,0.96976,0.75066,0.95115,0.93514,0.96893,0.69849,0.91317,1.32242,0.39538,0.00483,0,0.000652828,0.000217609,0.000652828,0.000217609,0.000652828,0.000217609,0.000652828,0.000217609
100,17249.8,0.88189,1.24061,0.43934,0.00272,1.26613,0.94635,0.93558,0.96889,0.74805,0.94765,0.93494,0.96813,0.69843,0.91646,1.32301,0.39851,0.00484,0,0.000651224,0.000217075,0.000651224,0.000217075,0.000651224,0.000217075,0.000651224,0.000217075
101,17509.3,0.8764,1.2087,0.42762,0.00268,1.26328,0.94325,0.93819,0.96899,0.74954,0.94343,0.93692,0.96756,0.69824,0.91175,1.33154,0.40236,0.00481,0,0.00064962,0.00021654,0.00064962,0.00021654,0.00064962,0.00021654,0.00064962,0.00021654
102,17669.9,0.87636,1.21478,0.42859,0.00271,1.25375,0.95028,0.93228,0.96925,0.74981,0.95006,0.93205,0.96797,0.69757,0.91268,1.32278,0.39836,0.00483,0,0.000648016,0.000216005,0.000648016,0.000216005,0.000648016,0.000216005,0.000648016,0.000216005
103,17831.4,0.87528,1.21273,0.42425,0.00268,1.22627,0.94732,0.9336,0.96914,0.74799,0.9476,0.93362,0.96805,0.69884,0.92014,1.33099,0.4002,0.00488,0,0.000646412,0.000215471,0.000646412,0.000215471,0.000646412,0.000215471,0.000646412,0.000215471
104,17992.2,0.874,1.21677,0.42923,0.00269,1.22975,0.94691,0.93737,0.96876,0.74845,0.94762,0.93724,0.96761,0.69733,0.91604,1.33018,0.39987,0.00484,0,0.000644809,0.000214936,0.000644809,0.000214936,0.000644809,0.000214936,0.000644809,0.000214936
105,18154.1,0.87981,1.21531,0.42942,0.00268,1.24194,0.94315,0.9412,0.96994,0.74947,0.94385,0.93967,0.96834,0.69888,0.91636,1.3264,0.3953,0.00485,0,0.000643205,0.000214402,0.000643205,0.000214402,0.000643205,0.000214402,0.000643205,0.000214402
106,18314.5,0.88096,1.2297,0.43057,0.00272,1.25974,0.94848,0.93465,0.96931,0.74988,0.94895,0.93489,0.96844,0.69863,0.91395,1.32578,0.39725,0.00482,0,0.000641601,0.000213867,0.000641601,0.000213867,0.000641601,0.000213867,0.000641601,0.000213867
107,18474.2,0.8704,1.20423,0.41878,0.00265,1.23855,0.94537,0.93577,0.96805,0.74698,0.94506,0.93549,0.96673,0.69892,0.91921,1.33115,0.40278,0.00486,0,0.000639997,0.000213332,0.000639997,0.000213332,0.000639997,0.000213332,0.000639997,0.000213332
108,18633.2,0.86406,1.20632,0.41512,0.00264,1.21634,0.9469,0.93653,0.9694,0.74935,0.94667,0.93631,0.96848,0.69759,0.91649,1.32826,0.39797,0.00485,0,0.000638393,0.000212798,0.000638393,0.000212798,0.000638393,0.000212798,0.000638393,0.000212798
109,18794.5,0.87454,1.22632,0.42955,0.0027,1.23143,0.94502,0.93517,0.96902,0.74792,0.94564,0.93423,0.96797,0.69839,0.91826,1.33057,0.3985,0.00485,0,0.00063679,0.000212263,0.00063679,0.000212263,0.00063679,0.000212263,0.00063679,0.000212263
110,18955.9,0.87492,1.22495,0.42699,0.00268,1.22474,0.94722,0.93449,0.96899,0.74868,0.94726,0.93454,0.96785,0.69749,0.92019,1.33542,0.39855,0.00488,0,0.000635186,0.000211729,0.000635186,0.000211729,0.000635186,0.000211729,0.000635186,0.000211729
111,19117.5,0.87575,1.20896,0.41649,0.00268,1.22616,0.94719,0.93415,0.96948,0.74925,0.94715,0.9337,0.96841,0.69934,0.91808,1.32942,0.39883,0.00485,0,0.000633582,0.000211194,0.000633582,0.000211194,0.000633582,0.000211194,0.000633582,0.000211194
112,19279.7,0.87832,1.22198,0.42628,0.00268,1.24936,0.94449,0.93762,0.969,0.7501,0.94429,0.93685,0.96797,0.69641,0.91672,1.32889,0.39981,0.00484,0,0.000631978,0.000210659,0.000631978,0.000210659,0.000631978,0.000210659,0.000631978,0.000210659
113,19464.1,0.87393,1.21066,0.42432,0.00266,1.21079,0.94473,0.93453,0.96903,0.75018,0.94651,0.9326,0.96798,0.69836,0.91664,1.33544,0.4019,0.00485,0,0.000630374,0.000210125,0.000630374,0.000210125,0.000630374,0.000210125,0.000630374,0.000210125
114,19657.6,0.86194,1.19245,0.41595,0.00261,1.22756,0.94322,0.9359,0.9689,0.74978,0.94338,0.93582,0.96817,0.69784,0.91815,1.33689,0.40359,0.00486,0,0.000628771,0.00020959,0.000628771,0.00020959,0.000628771,0.00020959,0.000628771,0.00020959
115,19818,0.86901,1.20333,0.42123,0.00265,1.23316,0.94643,0.93607,0.96934,0.74939,0.94681,0.93611,0.96841,0.6983,0.91567,1.32268,0.39692,0.00484,0,0.000627167,0.000209056,0.000627167,0.000209056,0.000627167,0.000209056,0.000627167,0.000209056
116,19980,0.86865,1.20665,0.41706,0.00265,1.22709,0.94738,0.94028,0.96991,0.75159,0.9473,0.93966,0.96875,0.69737,0.91381,1.32921,0.39744,0.00483,0,0.000625563,0.000208521,0.000625563,0.000208521,0.000625563,0.000208521,0.000625563,0.000208521
117,20148.4,0.87685,1.21505,0.41657,0.00268,1.2117,0.94607,0.93926,0.97041,0.74959,0.94584,0.93904,0.96935,0.70019,0.91741,1.3391,0.39716,0.00485,0,0.000623959,0.000207986,0.000623959,0.000207986,0.000623959,0.000207986,0.000623959,0.000207986
118,20311.9,0.87,1.2156,0.42092,0.00266,1.2191,0.94549,0.93879,0.96948,0.74809,0.94565,0.9387,0.96869,0.69851,0.91903,1.33188,0.39641,0.00486,0,0.000622355,0.000207452,0.000622355,0.000207452,0.000622355,0.000207452,0.000622355,0.000207452
119,20471.3,0.86491,1.19812,0.40672,0.00263,1.22926,0.94836,0.93783,0.96972,0.75011,0.94824,0.93662,0.9684,0.69808,0.91576,1.32754,0.39769,0.00484,0,0.000620752,0.000206917,0.000620752,0.000206917,0.000620752,0.000206917,0.000620752,0.000206917
120,20633,0.87056,1.20998,0.41723,0.00269,1.21829,0.94461,0.9397,0.97058,0.75148,0.94949,0.93441,0.96906,0.69932,0.91641,1.34061,0.39485,0.00485,0,0.000619148,0.000206383,0.000619148,0.000206383,0.000619148,0.000206383,0.000619148,0.000206383
121,20796.9,0.86292,1.20265,0.40971,0.00262,1.20387,0.9492,0.93576,0.97052,0.75008,0.94916,0.93574,0.96956,0.69937,0.9184,1.33702,0.40023,0.00487,0,0.000617544,0.000205848,0.000617544,0.000205848,0.000617544,0.000205848,0.000617544,0.000205848
122,20959,0.8595,1.19769,0.40207,0.00262,1.21459,0.95114,0.94006,0.97104,0.75184,0.95081,0.93867,0.9696,0.69989,0.91385,1.33615,0.39339,0.00483,0,0.00061594,0.000205313,0.00061594,0.000205313,0.00061594,0.000205313,0.00061594,0.000205313
123,21124.1,0.87663,1.21898,0.41773,0.0027,1.21926,0.94632,0.93687,0.96977,0.74974,0.94593,0.93633,0.96846,0.69876,0.91742,1.33473,0.39833,0.00486,0,0.000614336,0.000204779,0.000614336,0.000204779,0.000614336,0.000204779,0.000614336,0.000204779
124,21285.2,0.87511,1.20708,0.4152,0.00268,1.2093,0.94548,0.93359,0.96986,0.74984,0.95076,0.93031,0.96864,0.7001,0.91912,1.33804,0.40111,0.00486,0,0.000612733,0.000204244,0.000612733,0.000204244,0.000612733,0.000204244,0.000612733,0.000204244
125,21447,0.85783,1.1842,0.40201,0.0026,1.19156,0.9514,0.93575,0.96998,0.74966,0.95297,0.93468,0.96912,0.69875,0.92173,1.33963,0.39847,0.00488,0,0.000611129,0.00020371,0.000611129,0.00020371,0.000611129,0.00020371,0.000611129,0.00020371
126,21606.9,0.85222,1.1762,0.40018,0.00259,1.18917,0.94749,0.93712,0.96974,0.74942,0.94778,0.93717,0.96905,0.6986,0.92125,1.33733,0.40014,0.00488,0,0.000609525,0.000203175,0.000609525,0.000203175,0.000609525,0.000203175,0.000609525,0.000203175
127,21768.4,0.85872,1.19626,0.40389,0.00263,1.19427,0.95016,0.93755,0.97048,0.75036,0.95121,0.93592,0.96918,0.6991,0.91854,1.33816,0.3963,0.00486,0,0.000607921,0.00020264,0.000607921,0.00020264,0.000607921,0.00020264,0.000607921,0.00020264
128,21929.4,0.85419,1.2063,0.40638,0.00262,1.18334,0.95087,0.93563,0.96998,0.74925,0.95136,0.93478,0.96863,0.69764,0.91988,1.33715,0.39804,0.00487,0,0.000606317,0.000202106,0.000606317,0.000202106,0.000606317,0.000202106,0.000606317,0.000202106
129,22090.8,0.85761,1.18475,0.40144,0.00262,1.20651,0.94569,0.9398,0.96967,0.74905,0.9458,0.93991,0.96867,0.69772,0.92084,1.3388,0.3992,0.00487,0,0.000604714,0.000201571,0.000604714,0.000201571,0.000604714,0.000201571,0.000604714,0.000201571
130,22251.2,0.85407,1.1874,0.39745,0.00259,1.18367,0.94894,0.9349,0.9694,0.74822,0.94892,0.93463,0.96832,0.69696,0.92193,1.33988,0.39908,0.00488,0,0.00060311,0.000201037,0.00060311,0.000201037,0.00060311,0.000201037,0.00060311,0.000201037
131,22412.4,0.84595,1.17405,0.39454,0.00259,1.18839,0.94649,0.93704,0.96936,0.74807,0.94635,0.93625,0.96806,0.69979,0.92189,1.33368,0.40063,0.00488,0,0.000601506,0.000200502,0.000601506,0.000200502,0.000601506,0.000200502,0.000601506,0.000200502
132,22573.4,0.85488,1.17763,0.3914,0.0026,1.15468,0.9499,0.93705,0.97004,0.74838,0.95012,0.93699,0.96912,0.7008,0.92205,1.33585,0.39936,0.00487,0,0.000599902,0.000199967,0.000599902,0.000199967,0.000599902,0.000199967,0.000599902,0.000199967
133,22733.9,0.85722,1.18988,0.39911,0.0026,1.20362,0.94883,0.93792,0.96985,0.74866,0.94855,0.93763,0.96895,0.69906,0.92037,1.33615,0.3994,0.00488,0,0.000598298,0.000199433,0.000598298,0.000199433,0.000598298,0.000199433,0.000598298,0.000199433
134,22894.6,0.84985,1.18461,0.38364,0.00259,1.1629,0.94971,0.93469,0.96948,0.74887,0.94941,0.93439,0.96801,0.69962,0.92167,1.33627,0.39911,0.00487,0,0.000596695,0.000198898,0.000596695,0.000198898,0.000596695,0.000198898,0.000596695,0.000198898
135,23056,0.856,1.18715,0.3952,0.00259,1.17315,0.94318,0.94131,0.96886,0.74898,0.94358,0.94106,0.96769,0.69753,0.91984,1.33579,0.39901,0.00487,0,0.000595091,0.000198364,0.000595091,0.000198364,0.000595091,0.000198364,0.000595091,0.000198364
136,23217.2,0.8533,1.18259,0.39348,0.00259,1.17869,0.94858,0.93998,0.96995,0.74939,0.94867,0.93975,0.96901,0.69991,0.9227,1.33918,0.39854,0.0049,0,0.000593487,0.000197829,0.000593487,0.000197829,0.000593487,0.000197829,0.000593487,0.000197829
137,23377.1,0.8511,1.17935,0.39335,0.00259,1.16849,0.95047,0.93918,0.96953,0.75008,0.95119,0.93802,0.96842,0.69909,0.91944,1.34105,0.39765,0.00486,0,0.000591883,0.000197294,0.000591883,0.000197294,0.000591883,0.000197294,0.000591883,0.000197294
138,23538.3,0.85596,1.19852,0.40089,0.00262,1.17052,0.9524,0.93833,0.97081,0.7504,0.95269,0.93651,0.9692,0.70123,0.91878,1.33559,0.39512,0.00486,0,0.000590279,0.00019676,0.000590279,0.00019676,0.000590279,0.00019676,0.000590279,0.00019676
139,23699.8,0.85079,1.17615,0.38499,0.00257,1.14023,0.94642,0.94007,0.97009,0.75015,0.94713,0.9388,0.96937,0.69987,0.91805,1.33759,0.39622,0.00485,0,0.000588676,0.000196225,0.000588676,0.000196225,0.000588676,0.000196225,0.000588676,0.000196225
140,23861.7,0.85628,1.18544,0.39995,0.00258,1.18856,0.94579,0.9414,0.97019,0.74956,0.94636,0.94024,0.96888,0.69924,0.92007,1.33923,0.39533,0.00487,0,0.000587072,0.000195691,0.000587072,0.000195691,0.000587072,0.000195691,0.000587072,0.000195691
141,24023,0.85657,1.19107,0.39544,0.00262,1.1859,0.94801,0.93767,0.9708,0.75067,0.94935,0.93692,0.96992,0.69927,0.92154,1.34366,0.39736,0.00488,0,0.000585468,0.000195156,0.000585468,0.000195156,0.000585468,0.000195156,0.000585468,0.000195156
142,24183.1,0.84923,1.18079,0.39319,0.00256,1.19095,0.9424,0.94259,0.96922,0.74918,0.94307,0.94249,0.96887,0.69967,0.92148,1.34841,0.39965,0.00487,0,0.000583864,0.000194621,0.000583864,0.000194621,0.000583864,0.000194621,0.000583864,0.000194621
